f,omega,E_stor,E_loss,E_comp,tan_del,t,E_relax
Hz,rad/s,MPa,MPa,MPa,-,s,MPa
1.4640924938649728e-05,9.199164445804316e-05,493.02195601856806,346.03085484284634,602.3354560538885,0.7018568861258062,68301.69570504101,175.45467356785466
1.852563894391259e-05,0.00011640002241850553,574.2697487381078,343.27165634320846,669.0449718549114,0.5977533329894336,53979.24481997928,177.8473256586812
2.3441094037318542e-05,0.00014728473763949486,650.0489523810498,322.7416003290224,725.7587623133728,0.49648814777234757,42660.12492454432,184.45290758574617
2.966077938418249e-05,0.00018636417322619061,713.9218688113809,289.33922077263514,770.3256580462904,0.4052813527821473,33714.55574539893,198.55202560762902
3.7530749728513194e-05,0.00023581265526162836,763.32249226477,249.61741328535257,803.1002927484028,0.3270143560747703,26644.818108716627,223.06392308978775
4.7488879403332506e-05,0.0002983814293214421,799.0483789852623,209.24962762565048,825.9925657174214,0.2618735399868822,21057.561529443577,259.25843499111386
6.0089225056725216e-05,0.00037755173599622334,823.6490932715648,171.8899418939182,841.394069964464,0.20869317200504037,16641.91873095357,306.1977157265463
7.603285260221141e-05,0.0004777285023331659,840.0226818705814,139.27663962382636,851.4905098719241,0.16580104636422674,13152.20941705027,361.11046712945137
9.620684356258967e-05,0.0006044854259225884,850.6752616621039,111.83797389247088,857.9954156102829,0.13146964409656708,10394.27095796388,420.30867075019853
0.00012173365106661011,0.0007648750877710512,857.5035038308372,89.28470605800646,862.139210231171,0.10412168073848475,8214.655448498961,480.12300592646216
0.00015403355159829428,0.0009678213482150913,861.8387447091287,71.01745885289,864.7597940143429,0.08240225829816743,6492.0920774969245,537.5363454194769
0.00019490366722839714,0.0012246158582448843,864.5745063721548,56.35813228287801,866.4094390893197,0.06518597514442409,5130.7397865846915,590.4506400112349
0.00024661795501635655,0.0015495463114454475,866.2942982663673,44.66280935727844,867.4448557392581,0.05155616220337349,4054.854805416242,637.6750342055705
0.00031205372685562383,0.0019606913916298875,867.3728094015097,35.36703521844486,868.093553523588,0.040774894987598516,3204.5763723971304,678.7624850906246
0.000394851739152674,0.002480926645958388,868.0481383097817,27.996653405912035,868.4995008778121,0.03225242030980639,2532.596164185409,713.7981878590006
0.000499618759509398,0.0031391972489407407,868.4706065152327,22.162981344062878,868.7533551722223,0.025519552622503345,2001.5261256041558,743.2017117401065
0.0006321838809406679,0.003972128472162173,868.7347350191908,17.552048002395743,868.9120290443343,0.02020415127295216,1581.8182496397003,767.5697978882215
0.0007999228445978454,0.005026063464054482,868.8998081636386,13.912556942809367,869.011182820736,0.01601169296171514,1250.1205669438552,787.5647946275659
0.0010121684158688046,0.006359641718978111,869.0029511709911,11.044607480388535,869.0731341482647,0.012709516654121605,987.9778743556627,803.8429152321568
0.0012807296466166268,0.008047061698090894,869.0673900348796,8.789913409958901,869.1118403288452,0.010114190810457313,780.8049127634036,817.0129212070532
0.0016205489145942255,0.010182209129744263,869.107646565488,7.0236601548035384,869.1360268223676,0.008081461695291043,617.0748633344358,827.616010804922
0.002050533296804868,0.012883880682366863,869.1327973073262,5.6478886437450315,869.1511479606927,0.006498303436762303,487.67801115846095,836.1193812328438
0.0025946065332796606,0.016302393647814925,869.1485146621867,4.586207297854724,869.1606145223473,0.005276667014310267,385.41489323083215,842.9179220890209
0.0032830401110907326,0.020627949388886527,869.1583441350756,3.7796218797090444,869.1665621278697,0.004348599890012279,304.59573022632594,848.3402515410421
0.004154137528285065,0.026101215881724038,869.1645033116984,3.183292727394769,869.1703326561828,0.0036624743823128517,240.72385499784497,852.656661658364
0.005256365447869308,0.03302671815121888,869.1683818409817,2.764059485764391,869.1727768498686,0.0031801196908588054,190.24552419682968,856.0875045140266
0.0066510503163241304,0.041789781624839914,869.1708548472523,2.498605759676538,869.1744462112572,0.002874700348892442,150.35219287781229,858.8111988484391
0.00841579048279582,0.05287797110980449,869.17248033885,2.3721665829919245,869.1757174200659,0.0027292242180368236,118.8242509178756,860.9714511228699
0.010648773664587188,0.06690821822881514,869.1736250980863,2.377709261126483,869.1768773198463,0.002735597575062357,93.90752696017286,862.6835364384139
0.013474239976793496,0.0846611466476007,869.1745474360766,2.515543228274414,869.1781876395897,0.0028941749798068257,74.21568873066583,864.0396290234515
0.017049394481543634,0.10712450490274368,869.1754554768819,2.79333780789796,869.1799440504561,0.0032137789790271593,58.65310941585188,865.1132479856975
0.021573153861585367,0.13554812337263772,869.1765541191598,3.2265491472281895,869.1825428814458,0.003712190730337907,46.35390849275258,865.962918380456
0.027297213871110962,0.1715134531219032,869.1780912707276,3.8392801961238674,869.1865705459614,0.004417138713782911,36.633775326730856,866.6351577423336
0.034540053341575436,0.21702155566498596,869.1804137880567,4.6656215887548225,869.1929358534773,0.005367840225967748,28.951895068335414,867.166895047541
0.043704653906143226,0.274604439278448,869.184045742563,5.751547942887511,869.2030750504447,0.006617180758275236,22.880858458404077,867.5874193368708
0.055300921343876444,0.34746593646133844,869.189806672647,7.1574748469907705,869.2192758273477,0.008234651156794351,18.08288136433972,867.9199428951512
0.06997405603643833,0.4396599607719104,869.1989965005465,8.961618294662816,869.2451933258051,0.010310203222441458,14.291010935242333,868.1828511741382
0.0885404510305287,0.5563160610060716,869.2136888289571,11.264342438735172,869.2866743820591,0.01295923267604194,11.294272712200218,868.3906997209928
0.1120331150249051,0.7039248222420442,869.2371987702622,14.193735450782803,869.3530754831544,0.01632895540004861,8.925932299371475,868.5550077596918
0.14175914755455554,0.8906989930730863,869.2748307982672,17.912719426963548,869.459370515164,0.0206065087729666,7.054218491368632,868.6848889324255
0.17937246421227276,1.1270304316511484,869.3350751809055,22.628081229987334,869.6295205430537,0.026029182390091082,5.574991704504773,868.7875520112271
0.22696581823900192,1.4260682943912895,869.4315224709222,28.601909118955305,869.9018573789544,0.03289725341182564,4.405949793492558,868.8686980098203
0.2871872384377662,1.804450636961653,869.5859267828274,36.166035822066135,870.3376736680033,0.04158995069741778,3.482048873201241,868.9328348965759
0.36338736185666554,2.2832301328325526,869.8331058133625,45.74021944889484,871.0349015074846,0.05258505240051094,2.751884366288005,868.9835268598067
0.459805858628926,2.8890454150923617,870.2287749147796,57.854927717413496,872.1498227660574,0.06648243471732954,2.174830923167996,869.0235916447136
0.5818073213918675,3.6556032133788934,870.8620615194969,73.17969779286139,873.931346481543,0.08403133059347659,1.7187820834012246,869.0552567231044
0.736179743847842,4.625553749987993,871.8754688777382,92.55805305886607,876.7746725452462,0.10615971702702573,1.3583639163626402,869.0802828484448
0.9315121954040262,5.852863739621177,873.4966535300144,117.04971687426806,881.3041699370771,0.13400133406492334,1.0735232506175278,869.1000617853671
1.1786727051889287,7.405819023216694,876.0888287803197,147.98005474828093,888.4985832948619,0.16890987521698797,0.8484119430251086,869.1156935978761
1.4914129442554616,9.370823898283364,880.2302556128725,186.9946605114695,899.8734944180225,0.2124383470337223,0.6705051098367775,869.128047763158
1.8871333496572407,11.857208535254971,886.8384462517695,236.112526236942,917.7317444636222,0.2662407423075462,0.5299042593792482,869.1378114904803
2.3878512608500952,15.003311957903568,897.3612865193517,297.7619442264904,945.4731376264508,0.33181946747606783,0.4187865535829026,869.1455279205828
3.0214259341975027,18.984179036481105,914.0637101687487,374.76503163647016,987.9075337221307,0.40999880803416144,0.3309695560237528,869.1516263228033
3.8231085937032967,24.021299743708564,940.4391541695963,470.2030849888605,1051.435563326763,0.4999824634099244,0.2615672496583046,869.1564459649924
4.837503760663946,30.3949325524297,981.754341970608,587.0385091965808,1143.8775280850157,0.5979484725458496,0.20671818555087806,869.1602549811603
6.121050987926492,38.459697631836825,1045.659148189784,727.2904364967013,1273.7167790417723,0.6955329925203316,0.16337063716222208,869.1632653025649
7.745165079035207,48.66430742627443,1142.598602675726,890.4980491222558,1448.6263639486424,0.7793621023488883,0.1291128064793381,869.1656484717247
9.800209509744217,61.57653239890652,1285.3903192396513,1071.2978190051167,1673.29235036802,0.8334416425656784,0.1020386348889494,869.1678252442815
12.40052412760774,77.9147909999109,1486.8700946110312,1256.498179302528,1946.6818828044773,0.8450625134344577,0.08064175269605448,869.1779412560469
15.690786863942783,98.58812148161175,1754.5635205211731,1423.3692007419784,2259.308086376117,0.8112383416698318,0.06373166678453752,869.3004497398123
19.85406341507401,124.74675953740477,2083.1646377636002,1542.393492779081,2592.017089950605,0.7404088303049015,0.05036752321646961,870.2542795695758
25.1219927660613,157.8461358347882,2449.492609507247,1586.7990983075172,2918.5519393048617,0.6478072610420026,0.03980575941216557,874.9484481640711
31.787675265450623,199.7278541772753,2816.509700982467,1545.3143021304713,3212.5882381807555,0.5486628722036455,0.03145873335024533,890.8597959205737
40.22198032581329,252.72215580881647,3146.905797939037,1428.4969533514354,3455.954231010107,0.453936992421884,0.024862027973252952,930.8700133327357
50.89418108811731,319.77757083379583,3416.8882018554523,1262.7908539973203,3642.7689639775767,0.3695733601443543,0.01964861166090122,1010.1377627453918
64.39806413429504,404.62497037941125,3620.582366314759,1077.8168413540552,3777.605831049054,0.2976915679040663,0.015528417095187996,1140.0099556608432
81.48496695652771,511.98514713726905,3765.1999082016055,896.6230153927494,3870.486168487541,0.23813423915146345,0.012272202313507726,1322.9436844638612
103.10558134262928,647.831473780218,3863.5004059127214,732.7190005049418,3932.367292126808,0.18965159143857857,0.009698796000935279,1551.4591105653544
130.4628485604352,819.7222532077219,3928.3562768198512,591.6922836691865,3972.666962656646,0.1506208301829953,0.007665017367275736,1810.9618035986775
165.07888935655373,1037.221252130623,3970.3091347559584,474.13026282665965,3998.5189922838535,0.11941897890925887,0.006057709764693782,2084.2004784625065
208.8796926626175,1312.4298159059458,3997.101041076561,378.0722132880318,4014.941510288268,0.09458660399192799,0.004787444807357124,2355.1760542745283
264.3022749722502,1660.6601707597813,4014.0709851701176,300.575299073666,4025.3088557771343,0.07488041446803849,0.003783546698964255,2611.4572557488314
334.4302725891975,2101.2873750085096,4024.76389933124,238.55919872763687,4031.827741441539,0.05927284300261096,0.0029901599285790887,2844.907659212946
423.16551091294116,2658.8273206733347,4031.479531670061,189.19600920215296,4035.9165432616014,0.04692967128218993,0.0023631415467734855,3051.3346712074954
535.4450966410351,3364.300764016305,4035.6885967295852,150.0511853312889,4038.477164475805,0.03718106135663847,0.0018676051125936534,3229.625113991692
677.5161115999151,4256.959277782032,4038.3233107561773,119.10219819271225,4040.0792685058877,0.029492982366092508,0.0014759796599354042,3380.7770150866972
857.2831917913768,5386.469154755598,4039.971314155643,94.7042646413991,4041.081181681672,0.023441816111308793,0.0011664756868852199,3507.0505942922955
1084.748330475131,6815.6747720289295,4041.0017858900605,75.53815201502492,4041.7077388124567,0.018692927154543952,0.0009218728177825262,3611.321065089528
1372.5673753264643,8624.09516576529,4041.6461994373094,60.55640045775248,4042.0998353655796,0.014983102792664862,0.000728561685186602,3696.6345099253426
1736.7541824059683,10912.348361075876,4042.049555696579,48.93479628467247,4042.3457577246327,0.012106431554186966,0.0005757867233776719,3765.931943495612
2197.5716051004065,13807.749620641933,4042.3027115726973,40.0313483649521,4042.5009240369873,0.009903105042169768,0.0004550477434633172,3821.8976008473937
2780.65889143471,17471.395090940845,4042.462729085237,33.35296104419843,4042.6003186134635,0.008250653940288975,0.0003596269945516545,3866.8915059601554
3518.4582165920524,22107.124970416473,4042.5656917565707,28.52918121214264,4042.666358524769,0.007057196688310629,0.0002842153973249656,3902.93498764376
4452.019720950659,27972.864897950938,4042.6348235626015,25.292169611483732,4042.71394121878,0.006256357725923615,0.0002246171541635637,3931.7267014563845
5633.285483472794,35394.97658090431,4042.685720308033,23.46208373942366,4042.7538018726636,0.005803588347608669,0.00017751630073317755,3954.674146232638
7127.97950758606,44786.416111941915,4042.729865201384,22.937206856778772,4042.7949340090936,0.005673692683306749,0.00014029221028704345,3972.931227955049
9019.264514399289,56669.71027843984,4042.7772184695987,23.68834403249084,4042.8466178943504,0.0058594235478199586,0.00011087378559565432,3987.436302930639
11412.369002201442,71706.02923474385,4042.8384638596744,25.757202191613146,4042.9205134813114,0.006371068847263042,8.762422594354427e-05,3998.9476923123702
14440.442015474346,90731.97310080718,4042.927417973518,29.25866632711261,4043.033289073596,0.007237000149208283,6.924995778719253e-05,4008.075268699592
18271.96137472002,114806.11924299375,4043.064144716626,34.387075530523674,4043.2103765766037,0.00850520157476597,5.4728662101023234e-05,4015.307675648405
23120.107550827863,145267.92006377343,4043.2794745208384,41.4267878546382,4043.4916950370334,0.010245838338827076,4.325239395195603e-05,4021.035277974628
29254.624733467524,183812.22829237566,4043.62194029382,50.767493339931214,4043.940619544948,0.012554955455663177,3.41826295538152e-05,4025.5692126137506
37016.8290270503,232583.59626114127,4044.1686752606697,62.9248641277832,4044.658182403692,0.01555940643937838,2.7014739681490364e-05,4029.157022206764
46838.59880965426,294295.5958496989,4045.0426808214884,78.5671577750593,4045.8056166786296,0.019423072628520072,2.1349912794442572e-05,4031.9953747769187
59266.403852382144,372381.7978946591,4046.4402306420634,98.54817939926373,4047.6400882269045,0.024354290137043922,1.6872965710738096e-05,4034.24034553455
74991.71014632631,471186.81135166774,4048.674262336727,123.94627779119428,4050.57106619377,0.030614040488319654,1.3334807248011371e-05,4036.015686798494
94889.45211992276,596208.0113662195,4052.24270248347,156.10723092932372,4055.248498844301,0.038523662670464275,1.0538579132443346e-05,4037.4194542387822
120066.71278798943,754401.4056708465,4057.9350010299045,196.68485751220342,4062.6987835376335,0.0484691986102007,8.328703074979433e-06,4038.529300362994
151924.32032903255,954568.6572946223,4066.995530843358,247.66490175195253,4074.5294883531833,0.06089628077378171,6.582224609162206e-06,4039.406693528999
192234.78823972057,1207846.7969965914,4081.3673474281186,311.3415795827496,4093.225256912881,0.07628364542558073,5.2019720736133376e-06,4040.100274506407
243240.9355495948,1528327.8723498308,4104.038707350956,390.18671098131813,4122.545255162317,0.09507383794466522,4.111150114352805e-06,4040.6485231108445
307780.6741892148,1933843.009899502,4139.493482946356,486.50298662270103,4167.98409921969,0.1175271778122052,3.249066896855351e-06,4041.0818743706295
389444.9065093863,2446954.5145357037,4194.19407769403,601.6886351132281,4237.132659592817,0.14345750911079366,2.567757295795826e-06,4041.4243964291345
492777.3181524187,3096211.2051266376,4276.849358288144,734.8993688553793,4339.529642234714,0.1718319508801991,2.0293141814021046e-06,4041.6951267368872
623527.1824761622,3917736.8315613074,4397.898783569713,881.0059729483156,4485.274265292432,0.20032429492004258,1.6037793188562882e-06,4041.909524309465
788969.2422215093,4957239.950542799,4567.293205877507,1028.2793161607076,4681.615701923724,0.2251397643657839,1.2674765332857451e-06,4042.0895902290717
998308.4661996753,6272557.0868587885,4789.846529172694,1157.392416747001,4927.695909791022,0.24163455127379765,1.001694399935086e-06,4042.3625002985277
1263192.2011050202,7936870.678126904,5059.194203544244,1244.4272469453863,5209.994737244535,0.24597340937685222,7.916451662108238e-07,4043.477040492734
1598358.2138763445,10042780.845037654,5354.5857054822645,1269.26542623316,5502.964909899558,0.23704269499947106,6.256419814522029e-07,4048.2189798882314
2022454.6807929343,12707457.534794744,5645.500363576921,1225.5443551455596,5776.9917190157275,0.21708338964113882,4.944486566235119e-07,4063.281736308799
2559077.746371624,16079159.695932437,5903.184597149346,1124.2674797108657,6009.289954225599,0.19045101185786664,3.9076577545088074e-07,4099.520254669683
3238084.380415824,20345484.202436417,6110.859509935119,987.6932392578052,6190.16493197395,0.16162918451193323,3.088245649335375e-07,4168.932617846283
4097253.578778255,25743803.485968508,6265.854950901809,839.0784862800705,6321.787007791291,0.13391284874210288,2.4406592874297674e-07,4279.683667022061
5184388.334764589,32574472.611706104,6375.028023186089,695.692773721067,6412.8753872046855,0.10912779852744493,1.9288678536952377e-07,4432.449198639894
6559975.331977808,41217540.62134349,6448.827854429099,567.207165497194,6473.7241727348855,0.08795507932618053,1.5243959761941722e-07,4620.138140847558
8300550.340257525,52153895.9394106,6497.339298573739,457.3049840456776,6513.412762079776,0.07038342358787739,1.20473939559166e-07,4830.493593612069
10502956.560718726,65992022.34425334,6528.643854402317,366.0200636673886,6538.896027972322,0.05606372040352276,9.52112859097238e-08,5049.688319663304
13289732.848354978,83501854.16912591,6548.604522653065,291.59058921932626,6555.093154626671,0.04452713371385464,7.52460573444696e-08,5265.281896540581
16815931.605505913,105657614.39025158,6561.235077737888,231.60743504351842,6565.321602884777,0.03529936548522043,5.9467415987382914e-08,5467.857351604727
21277745.6844103,133692019.05419064,6569.188717915151,183.61895482027595,6571.75443334221,0.027951542070867877,4.699745992042175e-08,5651.435428023104
26923424.287846573,169164863.9043596,6574.181969227169,145.40216139942632,6575.789713262678,0.022117148883318654,3.714237792743946e-08,5813.10098996324
34067085.21356643,214049809.27231553,6577.310698394207,115.05447389385806,6578.316924196787,0.017492631741107746,2.9353846791734712e-08,5952.2803844585
43106191.93682186,270844191.8259023,6579.268778330483,90.99879980637286,6579.898056891192,0.013831141859728701,2.3198523345918364e-08,6069.973235565571
54543667.93182964,342707972.94895434,6580.493298774783,71.95200866981284,6580.886653542321,0.010934135999076167,1.8333933853693722e-08,6168.096262593518
69015878.64263259,433639554.6494785,6581.2587142696575,56.88175014830539,6581.5045238646035,0.008642989527971738,1.4489419241882672e-08,6248.991990220196
87328037.98174582,548698245.1517262,6581.737014592902,44.96308308723725,6581.890595269949,0.006831491897586604,1.1451076001604776e-08,6315.096779012675
110499009.32552128,694285751.8520154,6582.03584462664,35.5395652469554,6582.131791497939,0.005399479140784191,9.049854891043229e-09,6368.738012381703
139817993.67201862,878502363.5193558,6582.222524682222,28.0901930267709,6582.282463050206,0.004267584834975941,7.152155267981987e-09,6412.025290324977
176916259.0125925,1111597639.2290993,6582.339135927899,22.202127301576812,6582.376579536053,0.003372984412242233,5.652391733700532e-09,6446.804626333323
223857901.84081522,1406540679.7422602,6582.411974846549,17.54857086610175,6582.435366864052,0.002665978813413733,4.467119506512205e-09,6474.651733021361
283254690.6443776,1779741710.4464521,6582.457470972215,13.871004503512765,6582.472085920597,0.002107268381859222,3.5303916688020055e-09,6496.8874693279895
358411381.11396676,2251965123.741219,6582.485887945913,10.965010090440359,6582.495020617439,0.001665785582696027,2.790089971172044e-09,6514.604236863496
453509588.2076684,2849484781.2914867,6582.5036370608195,8.668999150842259,6582.509345490153,0.001316975975832972,2.2050250446790683e-09,6528.696337232425
573840445.4597622,3605545855.578167,6582.514723016846,6.855272703652826,6582.518292682322,0.0010414367444834172,1.742644680959701e-09,6539.890219612115
726098996.3781608,4562214545.601104,6582.521647209317,5.4229411528425695,6582.523881025423,0.000823839471176163,1.3772226720985417e-09,6548.772458064662
918756697.463105,5772718582.373021,6582.525972023906,4.292323214055095,6582.527371489453,0.000652078431942039,1.088427439779461e-09,6555.814489127991
1162532758.4032273,7304408746.714113,6582.528673332518,3.400518621883639,6582.529551682367,0.0005165976163020751,8.60190814212865e-10,6561.39384472352
1470990544.169478,9242506174.125769,6582.530360676821,2.6979114391371763,6582.530913558876,0.00040985932328609494,6.798140232536985e-10,6565.812004571103
1861292221.9999166,11694843941.63752,6582.531414802793,2.145410971989759,6582.531764424225,0.00032592491198221404,5.372611501731429e-10,6569.309185030875
2355153640.7960835,14797866752.00046,6582.532073572753,1.712277546924387,6582.532296275378,0.00026012445177422836,4.2460074904581696e-10,6572.0764567248725
2980052571.108494,18724222529.411636,6582.532485637708,1.3744125575995618,6582.532629124266,0.00020879692741332674,3.355645499998776e-10,6574.265592272392
3770757530.5229063,23692368312.718304,6582.532743979973,1.1130178292358743,6582.532838078151,0.00016908656174232934,2.6519870129685213e-10,6575.997019628752
4771262256.19114,29978724904.800697,6582.5329068944375,0.9135498017224083,6582.532970287454,0.00013878393236220227,2.0958814382974031e-10,6577.366214857197
6037233455.89847,37933056546.1143,6582.533011142745,0.7649103891951728,6582.533055585203,0.00011620304644129425,1.656387826154022e-10,6578.448821646346
7639108027.173584,47997931316.2947,6582.533080248529,0.6588295191064449,6582.53311321884,0.0001000875363746095,1.309053356023809e-10,6579.304739468596
9666012069.454218,60733345013.815285,6582.533129805517,0.5894050071796905,6582.533156193403,8.954075817877496e-05,1.0345528153850774e-10,6579.981380894151
12230719737.760336,76847878552.5271,6582.533170996248,0.5527741729402834,6582.533194206104,8.39759038930331e-05,8.176133714458883e-11,6580.516262404318
15475927841.675611,97238122429.78769,6582.533213115417,0.5468989275339515,6582.533235834516,8.308335253732995e-05,6.461648117194425e-11,6580.939062275397
19582195299.70277,123038561789.41359,6582.533265667219,0.5714523774799237,6582.5332904720935,8.681344315576355e-05,5.106679739912402e-11,6581.273253409588
24777989189.317635,155684697615.77518,6582.53334050997,0.627800635259581,6582.533370447808,9.537371142444425e-05,4.0358400044468626e-11,6581.537397818576
31352396341.142883,196992916035.53998,6582.5334545319365,0.7190788239236874,6582.533493808179,0.00010924043590368944,3.189548859739718e-11,6581.746172191984
39671207732.86494,249261549545.20618,6582.5336334621625,0.8503655024250267,6582.533688389453,0.0001291851359637895,2.5207198296904055e-11,6581.911179991813
50197270596.47035,315398753072.2604,6582.5339176762,1.02896521199216,6582.533998098831,0.00015631749488279287,1.9921401863437482e-11,6582.041594243906
63516240602.06739,399084309718.1933,6582.5343713067805,1.2648148548586895,6582.534492822028,0.00019214709464670753,1.574400484854028e-11,6582.144666157517
80369166934.41539,504974368832.5822,6582.535096715179,1.5710364970499657,6582.53528419277,0.0002386673939397521,1.2442582623956298e-11,6582.22612747628
101693723251.02054,638960507763.1993,6582.536257588537,1.9646673145979345,6582.536550782332,0.00029846661495149527,9.833448594773174e-12,6582.290508699695
128676378555.65219,808497531121.9523,6582.538115874579,2.467607219763634,6582.538578392613,0.0003748716948273651,7.771434129749795e-12,6582.34139072609
162818410702.9557,1023018245867.1426,6582.54109088678,3.107836736651048,6582.54182454332,0.0004721332831410202,6.1418115782028496e-12,6582.381603821665
206019435434.8488,1294458289717.6753,6582.545853913889,3.9209725726556903,6582.547021701011,0.0005956620219097046,4.853910981210499e-12,6582.413384925701
260683098389.46042,1637920213630.7083,6582.553479674187,4.952246798538004,6582.555342533711,0.0007523291400259346,3.8360753197201935e-12,6582.4385020065265
329850810640.721,2072513766979.0542,6582.565688769061,6.259018465483567,6582.56866445553,0.0009508478549879846,3.0316736164981466e-12,6582.45835236373
417370968630.24164,2622419137740.846,6582.585235791466,7.91395478808518,6582.58999309088,0.0012022563331280031,2.395950066392669e-12,6582.474040331307
528113073655.8494,3318232304923.884,6582.616530527248,10.009053595590487,6582.624140046617,0.0015205281287726466,1.8935338848506917e-12,6582.486438695887
668238664230.9033,4198667356784.9243,6582.666632067996,12.660720133733959,6582.678807505021,0.0019233421410186915,1.4964713260806767e-12,6582.49623724151
845544135618.3745,5312710489489.234,6582.746839246044,16.016158977173998,6582.7663232832565,0.002433051029957034,1.1826703750581473e-12,6582.503981118351
1069894520547.509,6722345531736.057,6582.875233939425,20.26139276057181,6582.906415076068,0.003077894087390545,9.346715781741352e-13,6582.510101167939
1353772366075.7654,8506002639792.993,6583.080745166041,25.631265030344334,6583.130642720296,0.0038935060988224066,7.386766232337423e-13,6582.514937890721
1712972245350.4326,10762922043592.264,6583.409635729269,32.42180423773203,6583.489470273574,0.004924773944154023,5.837806203307306e-13,6582.518760388619
2167479545949.499,13618675636722.174,6583.9358359959815,41.00527462649936,6584.063526809207,0.006228079320322888,4.613653687615004e-13,6582.521781335985
2742582429377.5376,17232153623993.84,6584.777356691724,51.8480226824059,6584.981477168794,0.007873921907126562,3.64619852183244e-13,6582.524168811574
3470278829614.1953,21804404954048.28,6586.122229629607,65.53065172927577,6586.448230263207,0.009949808012136014,2.881612830261175e-13,6582.526055649614
4391056774181.1987,27589823406526.7,6588.269183444423,82.76874000737158,6588.789076745882,0.012563047699289532,2.277356115912371e-13,6582.527546830166
5556147082344.396,34910301712315.04,6591.690601140159,104.42952972563866,6592.517766971753,0.015842601852031037,1.799808365724641e-13,6582.5287253198285
7030373777483.413,44173141222664.43,6597.127885848429,131.5344379848137,6598.43903136302,0.0199381367559919,1.4223994792464068e-13,6582.529656687751
8895760806654.312,55893713596554.4,6605.730705170813,165.2267166470372,6607.796759671898,0.02501263282163494,1.1241309447663747e-13,6582.530392753718
11256095740265.826,70724135371444.97,6619.247382986741,206.66528233677334,6622.472835436938,0.031221870158223593,8.884075109833632e-14,6582.530974471271
14242704369844.799,89489550831111.33,6640.253632868789,256.77819949256997,6645.216576798818,0.03866993848270131,7.021138500334518e-14,6582.53143420715
18021757494575.746,113234041899471.92,6672.3507778189,315.7802592014218,6679.819015090288,0.04732668735750222,5.5488483867402144e-14,6582.53179784353
22803516436171.98,143278719423784.0,6720.146280431463,382.36534308046845,6731.015472124981,0.056898366065912316,4.385288570730058e-14,6582.532116101484
28854031689821.684,181295227966381.78,6788.653657105275,452.62145288455156,6803.725792221505,0.06667322796926309,3.4657201834042207e-14,6582.533533722547
36509945608063.77,229398753810512.16,6881.663405927639,519.1221803706882,6901.215767575769,0.07543556691882566,2.7389797035992706e-14,6582.554551386892
46197222718584.445,290265711017912.75,6999.054515559752,571.2705828418684,7022.329683986493,0.0816211077613218,2.164632289892429e-14,6582.749720901281
58454849805065.46,367282653428576.8,7134.299316941959,598.0741158399932,7159.323947954604,0.08383081354881411,1.710722041600976e-14,6583.855342365234
73964824391016.8,464734697861755.06,7274.665742824608,592.9043558364309,7298.78738181869,0.08150262524724854,1.3519940163901103e-14,6588.049201468015
93590100144604.78,588043942126046.9,7405.4139509842835,557.0930316703831,7426.3388309023685,0.07522780432771589,1.0684890799934114e-14,6599.586705630538
118422600434660.66,744071143089058.8,7515.491669448127,499.17022812527557,7532.050580697851,0.06641883859102599,8.44433407415122e-15,6624.143556469663
149843971446114.72,941497439759665.4,7600.548128007166,430.46335826535096,7612.728193555995,0.056635830865821614,6.673608489879149e-15,6666.7412983895665
189602455074719.62,1191307359930656.0,7662.016475502119,360.7396351106406,7670.503865796932,0.04708155304338472,5.274193309395251e-15,6729.529814113846
239910158703237.66,1507399984207305.5,7704.322206804627,296.26842975426047,7710.016579017971,0.0384548337675428,4.1682269954936455e-15,6810.842933739923
303566133815782.0,1907362271748633.8,7732.47023556416,240.01869635799588,7736.194472638796,0.031040364727700002,3.294175102572036e-15,6905.861998064339
384112111375202.5,2413447574502401.0,7750.779112821013,192.70944352999294,7753.1744327964225,0.024863235130932977,2.603406584655164e-15,7008.2054914898845
486029558865919.3,3053813783121320.0,7762.513298911749,153.83054087602673,7764.0373872804075,0.019817104970060756,2.0574880308377898e-15,7111.541405134527
614989022985148.2,3864089993297012.0,7769.962627750483,122.3424453931261,7770.925743473808,0.015745564200808262,1.626045283127191e-15,7210.674057007453
778165631067239.8,4889358859673811.0,7774.663265044378,97.07293248329074,7775.269258299125,0.012485805387834588,1.2850734600402725e-15,7301.998135168669
984638305306620.1,6186664932788763.0,7777.618134815973,76.91027326133553,7777.998395548268,0.009888666675090666,1.0156013579916498e-15,7383.473637157705
1245894901510148.2,7828188539458521.0,7779.471141480654,60.88043677877818,7779.709356313557,0.00782578091384126,8.026359196011645e-16,7454.341590186372
1576471377604582.8,9905261796954276.0,7780.631417415188,48.165297766851616,7780.7804974550745,0.006190409901572315,6.34328040588647e-16,7514.758240800079
1994760554356653.2,1.253345020647513e+16,7781.357248853725,38.09405820126266,7781.450494063343,0.004895554462156883,5.0131330189779e-16,7565.45382868544
2524035466640281.5,1.5858982558794386e+16,7781.811037790309,30.124538871546672,7781.869345839553,0.003871147567739028,3.961909462908974e-16,7607.461913046098
3193744243109298.5,2.0066886903193732e+16,7782.0946414698,23.82231993761796,7782.13110347803,0.003061170678993265,3.131121103881634e-16,7641.927516744298
4041148559600403.0,2.53912852538112e+16,7782.271844045022,18.841201194316444,7782.294651674296,0.0024210412552902135,2.4745440194826245e-16,7669.983903167279
5113396827562331.0,3.2128419816718344e+16,7782.3825488983075,14.906237222699572,7782.396824456143,0.0019153822276199637,1.9556471631729822e-16,7692.68172241522
6470147466865150.0,4.065313549909233e+16,7782.45170443288,11.799577297762092,7782.460649553883,0.0015161773880384068,1.5455598270691499e-16,7710.954620125522
8186888218284201.0,5.143973576464495e+16,7782.494903054389,9.34890704767204,7782.500518350804,0.0012012737771280623,1.2214653154377366e-16,7725.608336334899
1.0359136177641782e+16,6.508837222643134e+16,7782.521887641135,7.418139150095147,7782.525423048857,0.0009531793494696573,9.653314551055995e-17,7737.323757737475
1.3107752235735052e+16,8.235843625772085e+16,7782.538745358614,5.899978964353991,7782.540981759094,0.000758104669619878,7.629073101288463e-17,7746.667409912858
1.658566561218123e+16,1.0421081048425082e+17,7782.549279407983,4.71002263170438,7782.550704667905,0.0006052030591270051,6.029302793042908e-17,7754.105208632429
2.098638262700326e+16,1.318613309728358e+17,7782.55586650833,3.782094450447157,7782.556785501899,0.0004859707421726491,4.7649946051841067e-17,7760.016949636144
2.6554753126308724e+16,1.6684843467900416e+17,7782.55999292644,3.0645814845596813,7782.560596304976,0.00039377550412011936,3.765804167877068e-17,7764.710130507213
3.3600593591192948e+16,2.111187559646961e+17,7782.56258974495,2.5175700524224696,7782.562996947509,0.0003234885711988826,2.976137898534358e-17,7768.432409586116
4.251592490091605e+16,2.6713543465858643e+17,7782.564242919099,2.1106290120654263,7782.564529120062,0.0002711996902545025,2.352059851292225e-17,7771.382438920721
5.3796783835811144e+16,3.3801516177068486e+17,7782.5653254811505,1.8211185998013315,7782.565538551827,0.0002339997833155024,1.8588471813705814e-17,7773.719055668161
6.807082188195819e+16,4.277015878963584e+17,7782.566081708747,1.632931759678509,7782.56625301896,0.00020981919620526767,1.4690582137146852e-17,7775.568946557571
8.613222689719274e+16,5.411847425150998e+17,7782.566682243671,1.53559843940117,7782.566833740127,0.00019731259648628742,1.1610056259123523e-17,7777.032958720434
1.0898591063193456e+17,6.847786723721587e+17,7782.567262596138,1.5237032613163006,7782.567411754605,0.00019578414293177826,9.175497953833534e-18,7778.191247262739
1.379034206377782e+17,8.664727463610941e+17,7782.567953722152,1.5965842777292407,7782.568117490804,0.00020514877444348503,7.25145174336635e-18,7779.107444260955
1.7449368742556947e+17,1.0963761730279254e+18,7782.568911573144,1.7582960806091898,7782.569110196831,0.00022592746695689373,5.730866341090714e-18,7779.832016949575
2.2079254314763126e+17,1.3872804630400115e+18,7782.570352285239,2.017835181765414,7782.570613873543,0.00025927618902576397,4.529138465203318e-18,7780.404961528114
2.7937599250054426e+17,1.755371131258134e+18,7782.572600947444,2.3896400933415003,7782.572967817112,0.0003070501511351899,3.5794056284133e-18,7780.857957062129
3.535035380858702e+17,2.221128236537139e+18,7782.5761649505,2.894393686688724,7782.5767031729565,0.0003719068885857969,2.828826001048646e-18,7781.216083370807
4.472995346548391e+17,2.810465864051551e+18,7782.581848460375,3.5601719626735417,7782.582662767502,0.00045745384141097716,2.235638364282348e-18,7781.499188481882
5.6598266253798054e+17,3.5561739493770214e+18,7782.5909338289775,4.424002112603485,7782.59219123755,0.0005684484961651337,1.7668385733156527e-18,7781.722975471752
7.161562878458349e+17,4.4997426654372244e+18,7782.605470830263,5.533914455301026,7782.607438307956,0.0007110619285588247,1.3963432521244125e-18,7781.899865238075
9.061758646833348e+17,5.693670878699086e+18,7782.628738867038,6.951598157071964,7782.631843519009,0.0008932198091828736,1.1035385502674497e-18,7782.0396807533025
1.1466138211319461e+18,7.204387113945286e+18,7782.6659861357275,8.755799867866743,7782.670911440707,0.001125038628596497,8.72133216580969e-19,7782.150189334388
1.450847794616828e+18,9.115945546090359e+18,7782.725611747989,11.046636903967316,7782.733451425984,0.0014193789496179164,6.892521763553442e-19,7782.237532139423
1.8358049452661084e+18,1.1534702658943638e+19,7782.8210555217465,13.951029616884822,7782.83355941138,0.0017925414855821287,5.447201798745811e-19,7782.306564187411
2.322903759834848e+18,1.4595234773786536e+19,7782.973816666546,17.629483741401167,7782.993783218255,0.0022651346588946756,4.3049566550750993e-19,7782.361123444151
2.9392457468691876e+18,1.8467825690918568e+19,7783.218269205924,22.28445576707247,7783.25017091637,0.0028631415689882767,3.4022333827145124e-19,7782.4042437112275
3.7191233273921326e+18,2.33679410462591e+19,7783.609326676222,28.17047584789898,7783.66030386929,0.003619204750083264,2.6888056995442656e-19,7782.438323016424
4.705927818075639e+18,2.9568216523180544e+19,7784.234598713024,35.60600676563284,7784.316031323414,0.004574117893558812,2.1249794698485681e-19,7782.465256782999
5.954563664460958e+18,3.741362692720652e+19,7785.2335613935875,44.986529249522434,7785.363536358658,0.0057784431121768,1.6793841771620825e-19,7782.486543129956
7.534503248844458e+18,4.734068011003635e+19,7786.827506312564,56.79726068017702,7787.034643680912,0.007294018088128068,1.3272275118513841e-19,7782.503366126338
9.533652238142155e+18,5.990170366645456e+19,7789.365614682612,71.62166671734327,7789.69488120961,0.00919480099667418,1.0489159610827931e-19,7782.516661609376
1.2063240534373884e+19,7.57955756825512e+19,7793.394038293973,90.1375118856706,7793.915280984582,0.011565886626900534,8.289646526988553e-20,7782.527169214561
1.5264010953531531e+19,9.590660935185759e+19,7799.754978749939,113.08406004161002,7800.574705313062,0.014498411853923893,6.551357982147128e-20,7782.535473503829
1.9314049962415145e+19,1.2135375494597927e+20,7809.717694148353,141.17041988532648,7810.993505934087,0.018076251333784103,5.177577990871853e-20,7782.542036474718
2.4438696164874367e+19,1.535528566697647e+20,7825.124700818438,174.87613357093142,7827.0785255708,0.0223480315339436,4.091871322649756e-20,7782.547223260509
3.092307783200726e+19,1.9429542828683877e+20,7848.4892865087095,214.080154634407,7851.4084337175,0.02727660659515757,3.233830750718285e-20,7782.551323463618
3.912797704726905e+19,2.4584833048306097e+20,7882.890275196929,257.4773044694205,7887.094119706647,0.03266280456542169,2.5557160769950804e-20,7782.554637569873
4.950990312571425e+19,3.1107989587937244e+20,7931.399815403463,301.8769107001175,7937.142603040211,0.03806098768515571,2.0197979330737654e-20,7782.559344469487
6.2646492164836155e+19,3.936195191164396e+20,7995.796361876614,341.8004959989612,8003.098589900317,0.042747523890008195,1.596258570023025e-20,7782.591309347083
7.926864592309233e+19,4.980595913839948e+20,8074.759214668895,370.1597117047175,8083.239114801043,0.045841578908293906,1.2615328398194357e-20,7782.826563147885
1.0030119818915593e+20,6.302110147546123e+20,8162.676687017586,380.56119879922767,8171.543154313749,0.046622108579223186,9.969970629006055e-21,7783.9728210126
1.2691437126276817e+20,7.974265127881601e+20,8250.642263517602,370.3620641992619,8258.950648789518,0.04488887681349557,7.879328322318702e-21,7787.839553954363
1.6058888551508174e+20,1.0090097259647064e+21,8329.730414883905,342.1552836952228,8336.754705687494,0.04107639343091413,6.2270810136862475e-21,7797.52962365175
2.031983446349174e+20,1.276732853453327e+21,8394.286742698769,302.31121961483325,8399.72868562749,0.03601392576656727,4.921299933799564e-21,7816.676841164348
2.571134803628317e+20,1.6154916420935512e+21,8442.950856727935,257.9253425359765,8446.889643617069,0.03054919386750232,3.889333218113755e-21,7847.982330500046
3.253340567466802e+20,2.0441341652758708e+21,8477.479295132433,214.4982248909321,8480.192491204456,0.02530212312215164,3.0737636569621276e-21,7892.005487879633
4.116557728902088e+20,2.5865095038394166e+21,8500.938886424674,175.24260411310854,8502.744963893925,0.02061449993399636,2.4292140809275288e-21,7946.925986884784
5.208814504341406e+20,3.272794676150184e+21,8516.412280305138,141.4791257866392,8517.587362109385,0.016612526628592257,1.9198226375051887e-21,8009.229164947359
6.590882559510184e+20,4.141173645926057e+21,8526.419506494223,113.33746725960138,8527.172742604082,0.013292504218596903,1.5172474869197444e-21,8074.776259743166
8.339658261404647e+20,5.239961825495653e+21,8532.809516186053,90.34190857337882,8533.287754433219,0.010587592328412757,1.1990899011149292e-21,8139.738147926748
1.0552441086461131e+21,6.630294278933077e+21,8536.856611646324,71.78438801218373,8537.15841519717,0.00840876112575823,9.47648029310496e-22,8201.145641323687
1.3352347229690525e+21,8.389527192995156e+21,8539.406588596963,56.9253089053327,8539.596323958598,0.006666190245742311,7.489319913553339e-22,8257.059836058135
1.6895159620551408e+21,1.0615541869030245e+22,8541.008028284397,45.0859977864707,8541.127026711109,0.005278767756354277,5.918855000242744e-22,8306.485646201476
2.1377995471027335e+21,1.343219070405107e+22,8542.011704312312,35.68191516367854,8542.086229702805,0.004177226208395972,4.677707043933358e-22,8349.163685128986
2.7050273606373275e+21,1.6996188167875234e+22,8542.639932855209,28.22679165295373,8542.686566542136,0.0033042235040707706,3.696820278240703e-22,8385.338166748905
3.4227591785737125e+21,2.150583018082842e+22,8543.032841807868,22.324185439618027,8543.062009927316,0.0026131452205553976,2.9216195117084076e-22,8415.553810662663
4.330928612770215e+21,2.7212027026201484e+22,8543.27845259052,17.654774985634013,8543.296694460358,0.0020665105420133736,2.3089736391668773e-22,8440.501244196521
5.480064962305657e+21,3.443226365354856e+22,8543.431937749074,13.963258550197127,8543.443348412877,0.001634385180561994,1.824795886323334e-22,8460.911040770705
6.934104594229481e+21,4.356826410490914e+22,8543.527833763228,11.046468582831872,8543.534975099894,0.0012929633750565258,1.4421472684911528e-22,8477.487970079004
8.77394827514692e+21,5.51283428883568e+22,8543.587741532274,8.743217347755435,8543.592215286853,0.0010233660158077054,1.1397377425082382e-22,8490.87491448179
1.1101962378677854e+22,6.975568689856923e+22,8543.62516440296,6.925897621044786,8543.627971645146,0.0008106509225031969,9.00741657997846e-23,8501.63689323393
1.4047674409787377e+22,8.82641414516187e+22,8543.648541056968,5.493664112943219,8543.650307301337,0.0006430114823360438,7.118616013076686e-23,8510.257706866307
1.7774979737131353e+22,1.1168349151975857e+23,8543.66314417891,4.366961578031617,8543.66426023135,0.0005111345689005749,5.625885456910157e-23,8517.14384393266
2.2491260506102162e+22,1.413167575518896e+23,8543.672268083421,3.4831671289424544,8543.672978109062,0.0004076896935705873,4.446171435027785e-23,8522.632068943456
2.845892409635935e+22,1.7881269374038415e+23,8543.677971236842,2.7931398891504604,8543.678427810128,0.00032692476221059,3.5138362807184496e-23,8526.998439401574
3.60100031077676e+22,2.2625752243821663e+23,8543.68154042239,2.25850360172977,8543.681838937639,0.0002643478213746848,2.777006147450993e-23,8530.467425785679
4.556462919788687e+22,2.862910087032488e+23,8543.683780974972,1.8495196910162768,8543.683981165144,0.0002164780132821368,2.1946848193518854e-23,8533.220419013109
5.765440862994832e+22,3.6225333319781924e+23,8543.685198455194,1.5434367280295316,8543.685337867922,0.0001806523405507268,1.73447273810134e-23,8535.403293425483
7.295200011466765e+22,4.5837093524984325e+23,8543.68611270972,1.323226584451319,8543.686215178874,0.0001548777151916743,1.3707643360403783e-23,8537.132922069613
9.230854061637234e+22,5.7999166612798076e+23,8543.68673003711,1.1766380016258748,8543.686811060505,0.0001377201714909746,1.0833233775799013e-23,8538.502668870287
1.168010014438411e+23,7.33882336135804e+23,8543.687189736143,1.0955154310358974,8543.68725997245,0.00012822513356434466,8.56157042866459e-24,8539.586946897534
1.4779210945367906e+23,9.286052106364335e+23,8543.687595537425,1.0753454987170987,8543.687663211245,0.0001258643281009921,6.76626109266963e-24,8540.444958537213
1.870061672996026e+23,1.1749944027288308e+24,8543.688039009703,1.1150059779141341,8543.688111767411,0.00013050640107914967,5.3474172239351864e-24,8541.123738262926
2.366249912621211e+23,1.4867586684096573e+24,8543.688620221981,1.2167033502153641,8543.688706857105,0.0001424096083435859,4.226096299744819e-24,8541.660612055355
2.9940930450755992e+23,1.8812441429147592e+24,8543.689470323572,1.3860954813040607,8543.689582760984,0.00016223617280551345,3.339909565084176e-24,8542.085175471491
3.788523399305541e+23,2.3803994558422636e+24,8543.69078113668,1.632606190160959,8543.690937123303,0.0001910891009498534,2.6395508080623336e-24,8542.42087849972
4.793741988309882e+23,3.0119969227358507e+24,8543.692848437922,1.969949096170867,8543.69307554694,0.00023057349217920923,2.086053030051723e-24,8542.686291607659
6.065677792751059e+23,3.8111777585498953e+24,8543.696138692185,2.41688964029464,8543.696480543962,0.00028288572077712047,1.6486203754427498e-24,8542.896114782021
7.675099572566874e+23,4.8224072865492504e+24,8543.701394289574,2.998287166095828,8543.701920392094,0.0003509353882732628,1.3029146925654257e-24,8543.061980284696
9.711553343505185e+23,6.101948927780256e+24,8543.70980101217,3.7464740006346853,8543.710622439108,0.0004385067011745696,1.0297013923820663e-24,8543.193090395916
1.2288344594362485e+24,7.720994620485806e+24,8543.723255468369,4.703046157667033,8543.72454990645,0.0005504679888427883,8.137792623904519e-25,8543.296723503383
1.5548842448647598e+24,9.769625841699286e+24,8543.744792710242,5.921161026193915,8543.746844512147,0.0006930404839861336,6.43134692053541e-25,8543.378635366236
1.9674456525558254e+24,1.2361825616813115e+25,8543.779270189762,7.468461240080295,8543.782534430378,0.0008741402374636039,5.082732520214433e-25,8543.443377048316
2.489473032185445e+24,1.5641820378447399e+25,8543.83446152766,9.43076991131923,8543.839666415139,0.001103809999337579,4.0169143713202852e-25,8543.494546690197
3.1500112696519275e+24,1.9792104526927106e+25,8543.922804698459,11.916727426635942,8543.931115185735,0.0013947606619388831,3.174591816969908e-25,8543.534988803307
3.9858118046064794e+24,2.5043594167886382e+25,8544.064193463253,15.063556242092453,8544.077472304867,0.0017630434300361438,2.5088991879754103e-25,8543.566951971445
5.043377430041922e+24,3.1688474967000545e+25,8544.290427491907,19.044129992499272,8544.311650929934,0.0022288720349700813,1.9827982614255537e-25,8543.592213607075
6.381549643778963e+24,4.009645895882911e+25,8544.652288434672,24.0754493311065,8544.68620591256,0.002817604335251069,1.5670175048702275e-25,8543.612178624331
8.074782508529522e+24,5.073535481626342e+25,8545.230744530187,30.42841222599739,8545.284920090993,0.0035608649006318126,1.23842344848754e-25,8543.627957469227
1.021728517361249e+25,6.419709608210582e+25,8546.154572768222,38.43825710552758,8546.241014695086,0.004497725471524777,9.787335706187728e-26,8543.640427817587
1.29282635425349e+25,8.123067553780079e+25,8547.627769709714,48.51395574936182,8547.765444454773,0.005675721622001493,7.734990833919261e-26,8543.650283354165
1.6358552725620292e+25,1.0278381813233999e+26,8549.971417193456,61.14259013960576,8550.190035967275,0.007151204039893262,6.113010220236837e-26,8543.65807233485
2.0699009298229935e+25,1.3005571109581196e+26,8553.685687105984,76.88042826100194,8554.03118032962,0.008987988461733308,4.8311490931380686e-26,8543.664228069969
2.6191130298292727e+25,1.6456372506865895e+26,8559.536848507076,96.31466566903559,8560.078713176263,0.011252322102665456,3.818086461374235e-26,8543.669093020031
3.3140489789567013e+25,2.0822783851854255e+26,8568.667508662105,119.96743802295022,8569.507282229675,0.014000711067581346,3.0174569125252064e-26,8543.67293784165
4.193374058255121e+25,2.6347746270336607e+26,8582.707533499162,148.09837906546622,8583.98518961124,0.017255438157180995,2.3847145189239424e-26,8543.675976467615
5.3060127065420235e+25,3.333866107745303e+26,8603.81516782447,180.35583171972326,8605.705297540797,0.020962308952683764,1.884654363467797e-26,8543.678381799898
6.71387060893407e+25,4.218449316435941e+26,8634.496157302052,215.26680098633574,8637.179150976945,0.02493102053259797,1.4894537864183912e-26,8543.680480076353
8.495279044079949e+25,5.3377412470153774e+26,8676.975301833541,249.70928209169446,8680.567672346782,0.028778378801991994,1.1771243708549676e-26,8543.686418274903
1.0749353128841808e+26,6.754017764082376e+26,8731.992920647352,278.8058587786308,8736.442815764593,0.03192923554935285,9.30288537378942e-27,8543.737758206356
1.3601506447167482e+26,8.546078546435114e+26,8797.40385937803,296.8810895481442,8802.41177441335,0.03374644318865378,7.352126794809926e-27,8544.069342342744
1.7210428889526405e+26,1.0813631392893139e+27,8867.701738611044,299.63550493244065,8872.76256646043,0.03378953349635019,5.810430445510634e-27,8545.485631375388
2.177691594030205e+26,1.3682839827179077e+27,8935.508321190193,286.3596868666654,8940.095683398558,0.03204738628999708,4.592018460012156e-27,8549.775845575847
2.7555040662559303e+26,1.7313342662972867e+27,8994.42247277542,260.3399777821588,8998.189402474207,0.028944601898583642,3.6291000700962866e-27,8559.63903258466
3.4866289974059526e+26,2.190713608808737e+27,9041.139347988581,227.07322291445277,9043.990433338158,0.025115553933473072,2.868099820038205e-27,8577.832851619172
4.41174517374965e+26,2.771981245472425e+27,9075.571153734478,191.87871716289422,9077.599308660712,0.02114232965755975,2.266676701886831e-27,8605.994475789224
5.582324787806208e+26,3.5074781086648367e+27,9099.604216165118,158.4948645690192,9100.984425486331,0.01741777563110479,1.7913683599785476e-27,8643.909833463118
